name,count
gig,3936
fnc,6451
bsb,6164
cer,4909
urg,7915
aop,1729
rof,825
ocf,2849
qlb,2605
nrt,6289
nil,118
pxm,937
ygb,6979
rsp,4124
yro,2956
lil,1806
avb,5864
syl,7844
gdc,490
zte,3926
srm,3191
udr,6641
wdm,3020
ldb,2401
cor,3298
cls,1667
xaj,2124
imp,3923
xhp,7658
uoh,2030
ntm,7021
ams,7821
tno,3156
elc,2679
egm,972
ple,6845
sob,1806
ted,382
enp,920
lid,208
qgi,2184
lhp,5886
vua,7988
til,5072
vck,1884
ria,7858
iws,2557
dsf,6005
mlo,7944
lis,3360
aim,4464
xts,5052
dwo,1112
bet,5413
aza,3929
fdd,235
bgl,274
nip,6834
anb,274
hmc,5380
awf,1178
fms,3404
ifb,2788
lfs,110
dni,2205
psm,3251
dro,6924
tlc,4165
wtd,4245
sga,7479
mem,63
rwe,5472
sal,3435
hos,7197
rxo,992
ahc,1653
apt,1125
wtf,4452
nms,2608
yca,4912
apd,6136
frk,7657
lut,683
ryg,836
pva,3152
msd,5349
eba,3415
ekm,5368
acs,4060
bcd,7385
tas,241
fds,1390
cir,3256
ags,3539
wfd,2072
tci,5237
dfr,3787
nis,4305
rud,3017
xdp,845
fak,382
iwb,303
lta,4176
cko,6562
lts,6587
tfl,6202
brk,5884
bsk,2620
hai,1191
tip,6976
yct,4000
icm,2545
tnr,166
tgv,6935
cds,908
qba,7082
fub,7912
wsr,1745
rtb,1196
uap,1164
ned,5866
vas,2167
ocs,3335
fws,6320
kfj,397
tdm,3840
agh,4687
cns,5261
oms,3653
lvj,1956
kul,5273
gvc,672
esp,3937
sut,3087
hwm,2369
nlk,6282
lfb,1419
wbk,4732
kcs,4408
rgh,3170
lad,6615
psg,4223
xld,2339
bla,5540
acd,7598
ckm,34
jqm,6618
kao,652
taf,2421
agl,3588
nts,6479
ocm,537
raf,1564
fro,4338
bal,5557
iob,7190
yns,5820
yqm,5102
rrg,7253
aws,7617
dbs,2622
zas,7290
amo,5509
xas,395
jns,1330
gsc,7104
awh,744
mhb,5065
dfh,7138
bom,6658
gue,1162
eac,3148
onr,5034
ilm,6530
xel,7857
esh,4035
nsm,2898
net,6080
sua,2697
xal,3375
lip,518
ntt,5949
bvd,7654
psp,3095
nas,6166
jdl,1016
gdr,4496
bbl,1388
onc,7992
ecm,2535
ims,895
naj,1024
dar,71
soc,7352
iid,1926
osg,1114
lra,2653
wfa,5493
wcp,7136
cka,5187
hlt,4331
cas,7789
syt,2278
tus,7005
efb,4537
ama,7850
vns,3191
dms,5667
swd,6757
cjs,5443
gli,4431
eof,4181
vhs,5718
irk,2791
geg,7276
vsh,3571
ibp,3496
udb,6776
dbr,1701
rys,7198
xpp,2202
ach,4734
wdc,1247
ppd,4240
wmh,7578
eap,1415
ans,6161
stb,6396
gan,6701
dyh,4484
mob,6820
rlb,6289
hmh,4035
ucc,6933
led,1304
dma,481
okl,6338
aam,6974
ded,4981
bjc,3847
qta,6654
qnp,2063
ksi,5260
jel,2245
mtd,7308
cum,6196
rts,4257
jah,7659
arf,7499
reb,2236
ngc,1757
mah,1308
glr,2365
sud,508
erb,4165
dap,2593
ncs,5589
eun,4311
fsk,5074
nns,6043
xhb,58
ame,1033
ntl,2512
nam,1879
kuu,3842
ycl,1380
abl,5020
emm,5422
gns,4310
lcn,7505
tla,203
asd,3462
olg,4260
kue,4719
ide,1703
lwc,4622
alg,7575
lpl,7045
srb,1527
bxd,4467
iac,1885
ncb,3015
dam,6502
ses,2794
qvs,6506
zaz,7400
dvo,6993
clv,7732
umr,1993
jcl,3017
wtk,6024
orw,1656
zop,6791
ldg,1241
xem,7846
dim,7384
jit,756
ytm,5367
xjb,2731
omh,3240
zyy,2853
uxy,4007
gey,1944
luy,2919
rvy,2185
mhy,628
woy,3096
cyy,3462
ooy,6095
xxy,2632
trn,2236
xik,56
dnh,6507
gsh,7788
oyt,3483
ogn,2087
bcq,7732
zsf,508
lem,1032
uwb,2423
enb,7190